UserName,Password,CompanyId
VikingAdmin8@76,Viking@dmin#8,8
VikingAdmin8@77,Viking@dmin#8,8
VikingAdmin8@78,Viking@dmin#8,8
VikingAdmin8@79,Viking@dmin#8,8
VikingAdmin8@80,Viking@dmin#8,8
VikingAdmin8@81,Viking@dmin#8,8
VikingAdmin8@82,Viking@dmin#8,8
VikingAdmin8@83,Viking@dmin#8,8
VikingAdmin8@84,Viking@dmin#8,8
VikingAdmin8@85,Viking@dmin#8,8
VikingAdmin8@86,Viking@dmin#8,8
VikingAdmin8@87,Viking@dmin#8,8
VikingAdmin8@88,Viking@dmin#8,8
VikingAdmin8@89,Viking@dmin#8,8
VikingAdmin8@90,Viking@dmin#8,8
VikingAdmin8@91,Viking@dmin#8,8
VikingAdmin8@92,Viking@dmin#8,8
VikingAdmin8@93,Viking@dmin#8,8
VikingAdmin8@94,Viking@dmin#8,8
VikingAdmin8@95,Viking@dmin#8,8
VikingAdmin8@96,Viking@dmin#8,8
VikingAdmin8@97,Viking@dmin#8,8
VikingAdmin8@98,Viking@dmin#8,8
VikingAdmin8@99,Viking@dmin#8,8
VikingAdmin8@100,Viking@dmin#8,8
VikingAdmin9@76,Viking@dmin#9,9
VikingAdmin9@77,Viking@dmin#9,9
VikingAdmin9@78,Viking@dmin#9,9
VikingAdmin9@79,Viking@dmin#9,9
VikingAdmin9@80,Viking@dmin#9,9
VikingAdmin9@81,Viking@dmin#9,9
VikingAdmin9@82,Viking@dmin#9,9
VikingAdmin9@83,Viking@dmin#9,9
VikingAdmin9@84,Viking@dmin#9,9
VikingAdmin9@85,Viking@dmin#9,9
VikingAdmin9@86,Viking@dmin#9,9
VikingAdmin9@87,Viking@dmin#9,9
VikingAdmin9@88,Viking@dmin#9,9
VikingAdmin9@89,Viking@dmin#9,9
VikingAdmin9@90,Viking@dmin#9,9
VikingAdmin9@91,Viking@dmin#9,9
VikingAdmin9@92,Viking@dmin#9,9
VikingAdmin9@93,Viking@dmin#9,9
VikingAdmin9@94,Viking@dmin#9,9
VikingAdmin9@95,Viking@dmin#9,9
VikingAdmin9@96,Viking@dmin#9,9
VikingAdmin9@97,Viking@dmin#9,9
VikingAdmin9@98,Viking@dmin#9,9
VikingAdmin9@99,Viking@dmin#9,9
VikingAdmin9@100,Viking@dmin#9,9
VikingAdmin10@76,Viking@dmin#10,10
VikingAdmin10@77,Viking@dmin#10,10
VikingAdmin10@78,Viking@dmin#10,10
VikingAdmin10@79,Viking@dmin#10,10
VikingAdmin10@80,Viking@dmin#10,10
VikingAdmin10@81,Viking@dmin#10,10
VikingAdmin10@82,Viking@dmin#10,10
VikingAdmin10@83,Viking@dmin#10,10
VikingAdmin10@84,Viking@dmin#10,10
VikingAdmin10@85,Viking@dmin#10,10
VikingAdmin10@86,Viking@dmin#10,10
VikingAdmin10@87,Viking@dmin#10,10
VikingAdmin10@88,Viking@dmin#10,10
VikingAdmin10@89,Viking@dmin#10,10
VikingAdmin10@90,Viking@dmin#10,10
VikingAdmin10@91,Viking@dmin#10,10
VikingAdmin10@92,Viking@dmin#10,10
VikingAdmin10@93,Viking@dmin#10,10
VikingAdmin10@94,Viking@dmin#10,10
VikingAdmin10@95,Viking@dmin#10,10
VikingAdmin10@96,Viking@dmin#10,10
VikingAdmin10@97,Viking@dmin#10,10
VikingAdmin10@98,Viking@dmin#10,10
VikingAdmin10@99,Viking@dmin#10,10
VikingAdmin10@100,Viking@dmin#10,10